{"has_child":1,"home_url":"http:\/\/localhost:88\/wordpress","root_flag":"custom","php_version":"8.1.10","mysql_version":"8.0.30","wp_version":"6.2","child_file":{"localhost_wordpress_wpvivid-642a9d86b8cbb_2023-04-03-09-33_backup_core.zip":{"file_type":"wp-core","include_path":["wp-includes","wp-admin"],"wp_core":1,"root_flag":"root","home_url":"http:\/\/localhost:88\/wordpress","file":"localhost_wordpress_wpvivid-642a9d86b8cbb_2023-04-03-09-33_backup_core.part001.zip"}},"file":"localhost_wordpress_wpvivid-642a9d86b8cbb_2023-04-03-09-33_backup_all.part002.zip"}